{
    "SocialMedias": [
      "https://github.com/",
      "https://www.linkedin.com/",
      "https://www.facebook.com/"
    ],
    "Experiences": [
      {
        "companyName": "Demo1 Technologies",
        "logo": "https://upload.wikimedia.org/wikipedia/commons/a/ac/No_image_available.svg",
        "url": "https://www.google.com/",
        "roles": [
          {
            "title": "Full Stack Developer",
            "description": "Built and updated various Chrome Extensions.",
            "startDate": "2017-01-01",
            "endDate": "2017-05-01",
            "location": "New York, USA"
          }
        ]
      },
      {
        "companyName": "Demo2 Technologies",
        "logo": "https://upload.wikimedia.org/wikipedia/commons/a/ac/No_image_available.svg",
        "url": "https://www.google.com/",
        "roles": [
          {
            "title": "UI Designer",
            "description": "Design user-fridendly web page",
            "startDate": "2016-05-01",
            "endDate": "2016-09-01",
            "location": "Beijing, China"
          }
        ]
      }
    ],
    "Skills": [
      {
        "Area": "Programming Language",
        "SkillSet": [
          {
            "Name": "Java",
            "Hot": true
          },
          {
            "Name": "C#",
            "Hot": false
          },
          {
            "Name": "Python",
            "Hot": false
          }
        ]
      },
      {
        "Area": "Web-Based Application Development",
        "SkillSet": [
          {
            "Name": "JavaScript (ES5, ES6)",
            "Hot": true
          },
          {
            "Name": "TypeScript",
            "Hot": false
          },
          {
            "Name": "HTML5",
            "Hot": true
          },
          {
            "Name": "CSS (SCSS/SASS)",
            "Hot": true
          },
          {
            "Name": "React",
            "Hot": true
          }
        ]
      }      
    ]   
    }
    